{
    "state": {
        "min": [
            1.8433197736740112,
            -18.350175857543945,
            -65.25817108154297,
            129.95370483398438,
            21.59185791015625,
            -19.759767532348633,
            394.0
        ],
        "max": [
            34.85044479370117,
            18.237876892089844,
            -22.403623580932617,
            215.3897247314453,
            65.43441772460938,
            38.86200714111328,
            733.0
        ],
        "mean": [
            13.018758773803711,
            -2.751821279525757,
            -38.96344757080078,
            177.00401306152344,
            42.3643798828125,
            5.185060977935791,
            591.013671875
        ],
        "std": [
            10.87811279296875,
            10.505545616149902,
            12.371705055236816,
            22.757930755615234,
            12.15708065032959,
            16.234432220458984,
            162.4622802734375
        ]
    },
    "action": {
        "min": [
            1.813687801361084,
            -18.35849952697754,
            -65.44866180419922,
            129.81396484375,
            21.525606155395508,
            -19.818706512451172,
            50.0
        ],
        "max": [
            35.06766128540039,
            18.191789627075195,
            -22.380800247192383,
            216.104248046875,
            65.93521881103516,
            39.30263137817383,
            730.0
        ],
        "mean": [
            12.933343887329102,
            -2.7874598503112793,
            -38.90804672241211,
            177.08935546875,
            42.418460845947266,
            5.009852886199951,
            444.79339599609375
        ],
        "std": [
            10.828886985778809,
            10.501593589782715,
            12.37911319732666,
            22.683759689331055,
            12.194541931152344,
            16.27523422241211,
            335.5592041015625
        ]
    }
}