{
    "state": {
        "min": [
            -22.36517906188965,
            -42.92410659790039,
            -75.77263641357422,
            99.99998474121094,
            -2.244791269302368,
            -45.6359748840332,
            350.0
        ],
        "max": [
            48.79325866699219,
            23.201810836791992,
            -13.118556022644043,
            259.17803955078125,
            77.33497619628906,
            80.03068542480469,
            733.0
        ],
        "mean": [
            14.588851928710938,
            -2.0442616939544678,
            -41.20332717895508,
            181.0595703125,
            37.054405212402344,
            2.523705244064331,
            594.3190307617188
        ],
        "std": [
            13.716736793518066,
            11.328246116638184,
            12.442136764526367,
            28.740636825561523,
            14.137272834777832,
            21.43157958984375,
            161.5206298828125
        ]
    },
    "action": {
        "min": [
            -22.554523468017578,
            -43.09537887573242,
            -75.93058013916016,
            100.0,
            -2.293740749359131,
            -48.23964309692383,
            50.0
        ],
        "max": [
            48.814109802246094,
            23.26529312133789,
            -12.405603408813477,
            259.39703369140625,
            77.37802124023438,
            80.0,
            730.0
        ],
        "mean": [
            14.522773742675781,
            -2.0583605766296387,
            -41.170753479003906,
            181.2543487548828,
            37.155277252197266,
            2.3139655590057373,
            447.4896545410156
        ],
        "std": [
            13.680908203125,
            11.314103126525879,
            12.462427139282227,
            28.721660614013672,
            14.20307445526123,
            21.41730308532715,
            334.841064453125
        ]
    }
}